{
  "squad": {
    "Standard (Cosine)": {
      "engine_name": "Standard (Cosine)",
      "dataset_name": "squad",
      "num_documents": 300,
      "num_queries": 1929,
      "hits_at_1": 249,
      "hits_at_3": 369,
      "hits_at_5": 446,
      "hits_at_10": 550,
      "mrr": 0.17221707933216487,
      "ingest_time": 0.7739870548248291,
      "query_time": 17.98165988922119,
      "avg_query_time": 0.009321752145785999
    },
    "Hypersphere (Euclidean)": {
      "engine_name": "Hypersphere (Euclidean)",
      "dataset_name": "squad",
      "num_documents": 300,
      "num_queries": 1929,
      "hits_at_1": 249,
      "hits_at_3": 369,
      "hits_at_5": 446,
      "hits_at_10": 550,
      "mrr": 0.17221707933216487,
      "ingest_time": 0.6332354545593262,
      "query_time": 17.05486011505127,
      "avg_query_time": 0.008841296067937413
    },
    "Hypersphere (Angular)": {
      "engine_name": "Hypersphere (Angular)",
      "dataset_name": "squad",
      "num_documents": 300,
      "num_queries": 1929,
      "hits_at_1": 249,
      "hits_at_3": 369,
      "hits_at_5": 446,
      "hits_at_10": 550,
      "mrr": 0.17221707933216487,
      "ingest_time": 0.7083706855773926,
      "query_time": 16.844425678253174,
      "avg_query_time": 0.008732206157725854
    },
    "Hypersphere (Cosine-Vol)": {
      "engine_name": "Hypersphere (Cosine-Vol)",
      "dataset_name": "squad",
      "num_documents": 300,
      "num_queries": 1929,
      "hits_at_1": 249,
      "hits_at_3": 369,
      "hits_at_5": 446,
      "hits_at_10": 550,
      "mrr": 0.17221707933216487,
      "ingest_time": 0.7106738090515137,
      "query_time": 16.75705623626709,
      "avg_query_time": 0.008686913549127574
    },
    "Hypersphere (Hellinger)": {
      "engine_name": "Hypersphere (Hellinger)",
      "dataset_name": "squad",
      "num_documents": 300,
      "num_queries": 1929,
      "hits_at_1": 218,
      "hits_at_3": 350,
      "hits_at_5": 428,
      "hits_at_10": 546,
      "mrr": 0.15970586783183985,
      "ingest_time": 0.6724073886871338,
      "query_time": 17.38562846183777,
      "avg_query_time": 0.009012767476328547
    },
    "Hypersphere (No Vol)": {
      "engine_name": "Hypersphere (No Vol)",
      "dataset_name": "squad",
      "num_documents": 300,
      "num_queries": 1929,
      "hits_at_1": 249,
      "hits_at_3": 369,
      "hits_at_5": 446,
      "hits_at_10": 550,
      "mrr": 0.17221707933216487,
      "ingest_time": 0.6908094882965088,
      "query_time": 17.79725933074951,
      "avg_query_time": 0.009226158284473568
    },
    "CrossPolytope (L1)": {
      "engine_name": "CrossPolytope (L1)",
      "dataset_name": "squad",
      "num_documents": 300,
      "num_queries": 1929,
      "hits_at_1": 238,
      "hits_at_3": 362,
      "hits_at_5": 440,
      "hits_at_10": 539,
      "mrr": 0.16768886749446626,
      "ingest_time": 0.7559998035430908,
      "query_time": 19.492634057998657,
      "avg_query_time": 0.010105046167961979
    },
    "Hyperbolic (Poincar\u00e9)": {
      "engine_name": "Hyperbolic (Poincar\u00e9)",
      "dataset_name": "squad",
      "num_documents": 300,
      "num_queries": 1929,
      "hits_at_1": 249,
      "hits_at_3": 369,
      "hits_at_5": 446,
      "hits_at_10": 550,
      "mrr": 0.17221707933216487,
      "ingest_time": 0.6364338397979736,
      "query_time": 21.37728977203369,
      "avg_query_time": 0.011082057942993101
    },
    "Hellinger Direct": {
      "engine_name": "Hellinger Direct",
      "dataset_name": "squad",
      "num_documents": 300,
      "num_queries": 1929,
      "hits_at_1": 218,
      "hits_at_3": 350,
      "hits_at_5": 428,
      "hits_at_10": 546,
      "mrr": 0.15970586783183985,
      "ingest_time": 0.5980565547943115,
      "query_time": 17.352129459381104,
      "avg_query_time": 0.008995401482312652
    }
  },
  "synthetic": {
    "Standard (Cosine)": {
      "engine_name": "Standard (Cosine)",
      "dataset_name": "synthetic",
      "num_documents": 316,
      "num_queries": 16,
      "hits_at_1": 0,
      "hits_at_3": 0,
      "hits_at_5": 0,
      "hits_at_10": 0,
      "mrr": 0.0,
      "ingest_time": 0.44345712661743164,
      "query_time": 0.12810683250427246,
      "avg_query_time": 0.008006677031517029
    },
    "Hypersphere (Euclidean)": {
      "engine_name": "Hypersphere (Euclidean)",
      "dataset_name": "synthetic",
      "num_documents": 316,
      "num_queries": 16,
      "hits_at_1": 0,
      "hits_at_3": 0,
      "hits_at_5": 0,
      "hits_at_10": 0,
      "mrr": 0.0,
      "ingest_time": 0.3974940776824951,
      "query_time": 0.13051390647888184,
      "avg_query_time": 0.008157119154930115
    },
    "Hypersphere (Angular)": {
      "engine_name": "Hypersphere (Angular)",
      "dataset_name": "synthetic",
      "num_documents": 316,
      "num_queries": 16,
      "hits_at_1": 0,
      "hits_at_3": 0,
      "hits_at_5": 0,
      "hits_at_10": 0,
      "mrr": 0.0,
      "ingest_time": 0.43877077102661133,
      "query_time": 0.13604187965393066,
      "avg_query_time": 0.008502617478370667
    },
    "Hypersphere (Cosine-Vol)": {
      "engine_name": "Hypersphere (Cosine-Vol)",
      "dataset_name": "synthetic",
      "num_documents": 316,
      "num_queries": 16,
      "hits_at_1": 0,
      "hits_at_3": 0,
      "hits_at_5": 0,
      "hits_at_10": 0,
      "mrr": 0.0,
      "ingest_time": 0.46923208236694336,
      "query_time": 0.12119746208190918,
      "avg_query_time": 0.007574841380119324
    },
    "Hypersphere (Hellinger)": {
      "engine_name": "Hypersphere (Hellinger)",
      "dataset_name": "synthetic",
      "num_documents": 316,
      "num_queries": 16,
      "hits_at_1": 0,
      "hits_at_3": 0,
      "hits_at_5": 0,
      "hits_at_10": 1,
      "mrr": 0.008928571428571428,
      "ingest_time": 0.3946094512939453,
      "query_time": 0.12966251373291016,
      "avg_query_time": 0.008103907108306885
    },
    "Hypersphere (No Vol)": {
      "engine_name": "Hypersphere (No Vol)",
      "dataset_name": "synthetic",
      "num_documents": 316,
      "num_queries": 16,
      "hits_at_1": 0,
      "hits_at_3": 0,
      "hits_at_5": 0,
      "hits_at_10": 0,
      "mrr": 0.0,
      "ingest_time": 0.3922584056854248,
      "query_time": 0.16595935821533203,
      "avg_query_time": 0.010372459888458252
    },
    "CrossPolytope (L1)": {
      "engine_name": "CrossPolytope (L1)",
      "dataset_name": "synthetic",
      "num_documents": 316,
      "num_queries": 16,
      "hits_at_1": 0,
      "hits_at_3": 0,
      "hits_at_5": 0,
      "hits_at_10": 0,
      "mrr": 0.0,
      "ingest_time": 0.37280821800231934,
      "query_time": 0.1773836612701416,
      "avg_query_time": 0.01108647882938385
    },
    "Hyperbolic (Poincar\u00e9)": {
      "engine_name": "Hyperbolic (Poincar\u00e9)",
      "dataset_name": "synthetic",
      "num_documents": 316,
      "num_queries": 16,
      "hits_at_1": 0,
      "hits_at_3": 0,
      "hits_at_5": 0,
      "hits_at_10": 0,
      "mrr": 0.0,
      "ingest_time": 0.39211344718933105,
      "query_time": 0.1511225700378418,
      "avg_query_time": 0.009445160627365112
    },
    "Hellinger Direct": {
      "engine_name": "Hellinger Direct",
      "dataset_name": "synthetic",
      "num_documents": 316,
      "num_queries": 16,
      "hits_at_1": 0,
      "hits_at_3": 0,
      "hits_at_5": 0,
      "hits_at_10": 1,
      "mrr": 0.008928571428571428,
      "ingest_time": 0.48278260231018066,
      "query_time": 0.15389156341552734,
      "avg_query_time": 0.009618222713470459
    }
  }
}