{
  "1. Standard Cosine": {
    "engine_name": "1. Standard Cosine",
    "dataset_name": "squad",
    "num_documents": 300,
    "num_queries": 200,
    "hits_at_1": 93,
    "hits_at_3": 154,
    "hits_at_5": 176,
    "hits_at_10": 196,
    "mrr": 0.6407777777777778,
    "ingest_time": 0.4712092876434326,
    "query_time": 1.6676228046417236
  },
  "2. Hypersphere Euclidean": {
    "engine_name": "2. Hypersphere Euclidean",
    "dataset_name": "squad",
    "num_documents": 300,
    "num_queries": 200,
    "hits_at_1": 93,
    "hits_at_3": 154,
    "hits_at_5": 176,
    "hits_at_10": 196,
    "mrr": 0.6407777777777778,
    "ingest_time": 0.4691805839538574,
    "query_time": 2.520740032196045
  },
  "3. Hypersphere Angular": {
    "engine_name": "3. Hypersphere Angular",
    "dataset_name": "squad",
    "num_documents": 300,
    "num_queries": 200,
    "hits_at_1": 93,
    "hits_at_3": 154,
    "hits_at_5": 176,
    "hits_at_10": 196,
    "mrr": 0.6407777777777778,
    "ingest_time": 0.6909146308898926,
    "query_time": 2.567826986312866
  },
  "4. Hypersphere Hellinger": {
    "engine_name": "4. Hypersphere Hellinger",
    "dataset_name": "squad",
    "num_documents": 300,
    "num_queries": 200,
    "hits_at_1": 77,
    "hits_at_3": 125,
    "hits_at_5": 148,
    "hits_at_10": 175,
    "mrr": 0.5381626984126985,
    "ingest_time": 0.6225709915161133,
    "query_time": 2.203155994415283
  },
  "5. CrossPolytope L1": {
    "engine_name": "5. CrossPolytope L1",
    "dataset_name": "squad",
    "num_documents": 300,
    "num_queries": 200,
    "hits_at_1": 99,
    "hits_at_3": 158,
    "hits_at_5": 177,
    "hits_at_10": 195,
    "mrr": 0.6606130952380953,
    "ingest_time": 0.6846485137939453,
    "query_time": 2.0576837062835693
  },
  "6. Hyperbolic Poincare": {
    "engine_name": "6. Hyperbolic Poincare",
    "dataset_name": "squad",
    "num_documents": 300,
    "num_queries": 200,
    "hits_at_1": 93,
    "hits_at_3": 154,
    "hits_at_5": 176,
    "hits_at_10": 196,
    "mrr": 0.6407777777777778,
    "ingest_time": 0.7289509773254395,
    "query_time": 2.2107133865356445
  },
  "7. Hellinger Direct": {
    "engine_name": "7. Hellinger Direct",
    "dataset_name": "squad",
    "num_documents": 300,
    "num_queries": 200,
    "hits_at_1": 77,
    "hits_at_3": 125,
    "hits_at_5": 148,
    "hits_at_10": 175,
    "mrr": 0.5381626984126985,
    "ingest_time": 0.7022333145141602,
    "query_time": 2.232056140899658
  },
  "8. Hybrid Radial": {
    "engine_name": "8. Hybrid Radial",
    "dataset_name": "squad",
    "num_documents": 300,
    "num_queries": 200,
    "hits_at_1": 93,
    "hits_at_3": 154,
    "hits_at_5": 179,
    "hits_at_10": 196,
    "mrr": 0.6437599206349208,
    "ingest_time": 0.6719675064086914,
    "query_time": 2.188537120819092
  },
  "9. Hybrid Radial (a=0.2)": {
    "engine_name": "9. Hybrid Radial (a=0.2)",
    "dataset_name": "squad",
    "num_documents": 300,
    "num_queries": 200,
    "hits_at_1": 96,
    "hits_at_3": 158,
    "hits_at_5": 181,
    "hits_at_10": 197,
    "mrr": 0.6562400793650793,
    "ingest_time": 0.7473912239074707,
    "query_time": 2.15442156791687
  },
  "10. Ensemble CEHL": {
    "engine_name": "10. Ensemble CEHL",
    "dataset_name": "squad",
    "num_documents": 300,
    "num_queries": 200,
    "hits_at_1": 94,
    "hits_at_3": 154,
    "hits_at_5": 176,
    "hits_at_10": 196,
    "mrr": 0.645063492063492,
    "ingest_time": 0.6347146034240723,
    "query_time": 8.695775032043457
  },
  "11. Ensemble CE": {
    "engine_name": "11. Ensemble CE",
    "dataset_name": "squad",
    "num_documents": 300,
    "num_queries": 200,
    "hits_at_1": 93,
    "hits_at_3": 154,
    "hits_at_5": 176,
    "hits_at_10": 196,
    "mrr": 0.6407777777777778,
    "ingest_time": 0.7242913246154785,
    "query_time": 4.2907304763793945
  },
  "12. Contrastive Vol": {
    "engine_name": "12. Contrastive Vol",
    "dataset_name": "squad",
    "num_documents": 300,
    "num_queries": 200,
    "hits_at_1": 77,
    "hits_at_3": 134,
    "hits_at_5": 154,
    "hits_at_10": 171,
    "mrr": 0.5447480158730158,
    "ingest_time": 0.717613935470581,
    "query_time": 2.2109811305999756
  }
}